{
	"name": "CosasBatchInputTrigger",
	"properties": {
		"annotations": [],
		"runtimeState": "Started",
		"pipelines": [
			{
				"pipelineReference": {
					"referenceName": "MasterExportCosasBatch",
					"type": "PipelineReference"
				}
			}
		],
		"type": "BlobEventsTrigger",
		"typeProperties": {
			"blobPathBeginsWith": "/cosasbatchinput/blobs/CosasBatchMetadata",
			"ignoreEmptyBlobs": true,
			"scope": "/subscriptions/76d9c8d3-23a7-4162-9e67-6e001c10bfca/resourceGroups/rg-rdw-dev-shared-we/providers/Microsoft.Storage/storageAccounts/stadfrdwdevsharedwe",
			"events": [
				"Microsoft.Storage.BlobCreated"
			]
		}
	}
}