{
  "$schema": "https://schema.management.azure.com/schemas/2019-04-01/deploymentTemplate.json#",
  "contentVersion": "1.0.0.0",
  "parameters": {




    "TagName": {
      "type": "object"
    },

    "sharedloganalyticsworkspace": {
      "type": "string"
    },

    "sharedloganalyticsretetiondays": {
      "type": "string"
    },

    "sharedstoragetypesql": {
      "type": "string"
    },

    "sharedstoragenamesql": {
      "type": "string"
    },



    "sharedstoragekindsql": {
      "type": "string"
    },


    "sharedstoragetypeadf": {
      "type": "string"
    },

    "sharedstoragenameadf": {
      "type": "string"
    },

    "sharedstoragekindadf": {
      "type": "string"
    },

    "cosasbatchinputcontaineradfrftm": {
      "type": "string"
    },

    "cosasbatchinputarchivecontaineradf": {
      "type": "string"
    },




    "sharedkeyvaultname": {
      "type": "string"
    },

    "sharedstorageretentiondaysadf": {
      "type": "string"
    },

    "organizationalgroupid": {
      "type": "string"
    },

    "azdospnid": {
      "type": "string"
    },

    "keyvaultsoftkeyretentiondays": {
      "type": "string"
    }

  },

  "variables": {

  },


  "resources": [



    {
      "type": "microsoft.operationalinsights/workspaces",
      "apiVersion": "2020-03-01-preview",
      "tags": "[parameters('TagName')]",
      "name": "[parameters('sharedloganalyticsworkspace')]",
      "location": "[resourceGroup().location]",
      "properties": {
        "sku": {
          "name": "pergb2018"
        },
        "retentionInDays": "[parameters('sharedloganalyticsretetiondays')]"
      }
    },



    {
      "name": "[parameters('sharedstoragenamesql')]",
      "type": "Microsoft.Storage/storageAccounts",
      "location": "[resourceGroup().location]",
      "tags": "[parameters('TagName')]",
      "apiVersion": "2019-06-01",

      "sku": {
        "name": "[parameters('sharedstoragetypesql')]"
      },
      "dependsOn": [],
      "kind": "[parameters('sharedstoragekindsql')]",
      "properties": {
        "allowBlobPublicAccess": false,
        "minimumTlsVersion": "TLS1_2",
        "encryption": {
          "keySource": "Microsoft.Storage",
          "services": {
            "blob": {
              "enabled": true
            },
            "file": {
              "enabled": true
            },
            "queue": {
              "enabled": true
            },
            "table": {
              "enabled": true
            }
          },
          "requireInfrastructureEncryption": true
        },
        "networkAcls": {
          "bypass": "AzureServices",
          "virtualNetworkRules": [],
          "ipRules": [
            {
              "value": "62.41.73.80/30",
              "action": "Allow"
            },
            {
              "value": "213.19.196.8/30",
              "action": "Allow"
            },
            {
              "value": "62.41.23.0/30",
              "action": "Allow"
            },
            {
              "value": "213.19.193.12/30",
              "action": "Allow"
            },
            {
              "value": "62.41.77.240/30",
              "action": "Allow"
            },
            {
              "value": "212.72.40.184/30",
              "action": "Allow"
            },
            {
              "value": "213.19.192.32/30",
              "action": "Allow"
            },

            {
              "value": "134.222.95.244/30",
              "action": "Allow"
            },

            {
              "value": "37.74.18.112",
              "action": "Allow"
            },

            {
              "value": "37.74.18.113",
              "action": "Allow"
            },

            {
              "value": "37.74.18.114",
              "action": "Allow"
            },

            {
              "value": "37.74.18.115",
              "action": "Allow"
            },

            {
              "value": "20.50.111.181",
              "action": "Allow"
            }

          ],
          "defaultAction": "Deny"
        },
        "supportsHttpsTrafficOnly": true
      }

    },


    {
      "name": "[parameters('sharedstoragenameadf')]",
      "type": "Microsoft.Storage/storageAccounts",
      "location": "[resourceGroup().location]",
      "tags": "[parameters('TagName')]",
      "apiVersion": "2019-06-01",
     
      "sku": {
        "name": "[parameters('sharedstoragetypeadf')]"
      },
      "dependsOn": [],
      "kind": "[parameters('sharedstoragekindadf')]",
      "properties": {
        "allowBlobPublicAccess": false,
        "minimumTlsVersion": "TLS1_2",
        "encryption": {
          "keySource": "Microsoft.Storage",
          "services": {
            "blob": {
              "enabled": true
            },
            "file": {
              "enabled": true
            },
            "queue": {
              "enabled": true
            },
            "table": {
              "enabled": true
            }
          },
          "requireInfrastructureEncryption": true
        },
          "networkAcls": {
            "bypass": "AzureServices",
            "virtualNetworkRules": [],
            "ipRules": [
              {
                "value": "62.41.73.80/30",
                "action": "Allow"
              },
              {
                "value": "213.19.196.8/30",
                "action": "Allow"
              },
              {
                "value": "62.41.23.0/30",
                "action": "Allow"
              },
              {
                "value": "213.19.193.12/30",
                "action": "Allow"
              },
              {
                "value": "62.41.77.240/30",
                "action": "Allow"
              },
              {
                "value": "212.72.40.184/30",
                "action": "Allow"
              },
              {
                "value": "213.19.192.32/30",
                "action": "Allow"
              },

              {
                "value": "134.222.95.244/30",
                "action": "Allow"
              },

              {
                "value": "37.74.18.112",
                "action": "Allow"
              },

              {
                "value": "37.74.18.113",
                "action": "Allow"
              },

              {
                "value": "37.74.18.114",
                "action": "Allow"
              },

              {
                "value": "37.74.18.115",
                "action": "Allow"
              },

              {
                "value": "20.50.111.181",
                "action": "Allow"
              }

            ],
            "defaultAction": "Deny"
          },
          "supportsHttpsTrafficOnly": true
        }

      },

    {
      "type": "Microsoft.Storage/storageAccounts/blobServices",
      "apiVersion": "2019-06-01",
      "name": "[concat(parameters('sharedstoragenameadf'), '/default')]",
      "dependsOn": [
        "[resourceId('Microsoft.Storage/storageAccounts', parameters('sharedstoragenameadf'))]"
      ],

      "properties": {
        "deleteRetentionPolicy": {
          "enabled": true,
          "days": "[parameters('sharedstorageretentiondaysadf')]"
        },
        "containerDeleteRetentionPolicy": {
          "enabled": true,
          "days": "[parameters('sharedstorageretentiondaysadf')]"
        }
      }
    },

    {
      "type": "Microsoft.Storage/storageAccounts/blobServices/containers",
      "apiVersion": "2019-06-01",
      "name": "[concat(parameters('sharedstoragenameadf'), '/default/', parameters('cosasbatchinputarchivecontaineradf'))]",
      "dependsOn": [
        "[resourceId('Microsoft.Storage/storageAccounts', parameters('sharedstoragenameadf'))]"
      ],
      "properties": {
        "publicAccess": "None"
      }
    },


    {
      "type": "Microsoft.Storage/storageAccounts/blobServices/containers",
      "apiVersion": "2019-06-01",
      "name": "[concat(parameters('sharedstoragenameadf'), '/default/', parameters('cosasbatchinputcontaineradfrftm'))]",
      "dependsOn": [
        "[resourceId('Microsoft.Storage/storageAccounts', parameters('sharedstoragenameadf'))]"
      ],
      "properties": {
        "publicAccess": "None"
      }
    },


    {
      "type": "Microsoft.KeyVault/vaults",
      "apiVersion": "2019-09-01",
      "tags": "[parameters('TagName')]",
      "name": "[parameters('sharedkeyvaultname')]",
      "location": "[resourceGroup().location]",
      "properties": {
        "sku": {
          "family": "A",
          "name": "standard"
        },

        "networkAcls": {
          "defaultAction": "Deny",
          "bypass": "AzureServices"
        },

        "tenantId": "[subscription().tenantId]",


        "accessPolicies": [
          {
            "tenantId": "[subscription().tenantId]",
            "objectId": "[parameters('azdospnid')]",
            "permissions": {

              "secrets": [
                "get",
                "list",
                "set"
              ]

            }
          },



          {
            "tenantId": "[subscription().tenantId]",
            "objectId": "[parameters('organizationalgroupid')]",
            "permissions": {
              "secrets": [
                "get",
                "list",
                "set",
                "delete",
                "recover",
                "backup",
                "restore"
              ]
            }

          }

        ],

        "enabledForDeployment": false,
        "enableSoftDelete": true,
        "softDeleteRetentionInDays": "[parameters('keyvaultsoftkeyretentiondays')]",
        "enablePurgeProtection": true


      }

    }

  ]
}