{
  "$schema": "https://schema.management.azure.com/schemas/2015-01-01/deploymentParameters.json#",
  "contentVersion": "1.0.0.0",
  "parameters": {




    "sharedloganalyticsworkspace": {
      "value": "RDWLogAnalyticsWorkspace"
    },



    "sharedstoragetypesql": {
      "value": "Standard_LRS"
    },


    "sharedloganalyticsretetiondays": {
      "value": "30"
    },

    "TagName": {
      "value": {
        "Environment": "Development"
      }
    },
    "sharedstoragenamesql": { "value": "storage" },

    "sharedstoragetypeadf": {
      "value": "Standard_LRS"
    },

    "sharedstoragenameadf": {
      "value": "storageadf"
    },

    "sharedstoragekindadf": {
      "value": "StorageV2"
    },


    "cosasbatchinputcontaineradfrftm": {
      "value": "storagecontainer"
    },

    "cosasbatchinputarchivecontaineradf": {
      "value": "storagecontainer"
    },

    "sharedstorageretentiondaysadf": {
      "value": "90"
    },


    "sharedkeyvaultname": {
      "value": "rdw-dev-shared-kv"
    },

    "organizationalgroupid": {
      "value": "3f28c22e-3cb3-4d12-b1e4-a32b44781962"
    },

    "azdospnid": {
      "value": "d2151aea-b432-4b86-8535-cdece09f4c46"
    },

    "sharedstoragekindsql": {
      "value": "StorageV2"
    },


    "keyvaultsoftkeyretentiondays": {
      "value": "30"
    }



  }
}