{
	"name": "DS_CosasBatchInput_Archive",
	"properties": {
		"linkedServiceName": {
			"referenceName": "LS_CosasBatchInput",
			"type": "LinkedServiceReference"
		},
		"annotations": [],
		"type": "DelimitedText",
		"typeProperties": {
			"location": {
				"type": "AzureBlobStorageLocation",
				"folderPath": {
					"value": "@formatDateTime(AddToTime(utcnow(), -1, 'Month'), 'yyyyMM')",
					"type": "Expression"
				},
				"container": "cosasbatchinput-archive"
			},
			"columnDelimiter": ";",
			"escapeChar": "\\",
			"quoteChar": "\""
		},
		"schema": []
	},
	"type": "Microsoft.DataFactory/factories/datasets"
}