{
	"name": "DS_CAM",
	"properties": {
		"linkedServiceName": {
			"referenceName": "LS_CAM",
			"type": "LinkedServiceReference",
			"parameters": {
				"ServerName": {
					"value": "@dataset().ServerName",
					"type": "Expression"
				},
				"DatabaseName": {
					"value": "@dataset().DatabaseName",
					"type": "Expression"
				}
			}
		},
		"parameters": {
			"TableName": {
				"type": "String",
				"defaultValue": "Tranche"
			},
			"ServerName": {
				"type": "string"
			},
			"DatabaseName": {
				"type": "string"
			}
		},
		"annotations": [],
		"type": "AzureSqlTable",
		"schema": [],
		"typeProperties": {
			"schema": "TBV",
			"table": {
				"value": "@dataset().TableName",
				"type": "Expression"
			}
		}
	},
	"type": "Microsoft.DataFactory/factories/datasets"
}