{
	"name": "DS_CosasBatchInput",
	"properties": {
		"linkedServiceName": {
			"referenceName": "LS_CosasBatchInput",
			"type": "LinkedServiceReference"
		},
		"parameters": {
			"SourceFileName": {
				"type": "string",
				"defaultValue": "input.csv"
			}
		},
		"annotations": [],
		"type": "DelimitedText",
		"typeProperties": {
			"location": {
				"type": "AzureBlobStorageLocation",
				"container": "cosasbatchinput"
			},
			"columnDelimiter": ";",
			"escapeChar": "\\",
			"firstRowAsHeader": true,
			"quoteChar": "\""
		},
		"schema": []
	},
	"type": "Microsoft.DataFactory/factories/datasets"
}