{
  "$schema": "https://schema.management.azure.com/schemas/2015-01-01/deploymentParameters.json#",
  "contentVersion": "1.0.0.0",
  "parameters": {



    "camdbsizeinbytes": {
      "value": "1073741824"

    },

    "azuresqlservername": {
      "value": "rdw-dev-11"
    },

    "sqlserveradminlogin": {
      "value": "rdw-admin"
    },



    "sqlserveradminloginpassword": {
      "value": "RA let me in!"
    },

    "minimalsqlclienttlsversion": {
      "value": "1.0"
    },

    "azurecamdbname": {
      "value": "CAMDB"
    },
    "camdbcollation": {
      "value": "SQL_Latin1_General_CP1_CI_AS"
    },
    "camdbskuname": {
      "value": "Basic"
    },
    "camdbskutier": {
      "value": "Basic"
    },

    "camdbskucapacity": {
      "value": "5"
    },

    "camdbbkpretentiondays": {
      "value": "35"
    },


    "TagName": {
      "value": {
        "Environment": "Development"
      }
    }
  }
}			