{
  "$schema": "https://schema.management.azure.com/schemas/2019-04-01/deploymentTemplate.json#",
  "contentVersion": "1.0.0.0",
  "parameters": {

    "TagName": {
      "type": "object"
    },


    "azuresqlservername": {
      "type": "string"
    },


    "camdbbkpretentiondays": {
      "type": "string"
    },


    "sqlserveradminlogin": {
      "type": "string"
    },

    "sqlserveradminloginpassword": {
      "type": "securestring"
    },


    "azurecamdbname": {
      "type": "string"

    },

    "minimalsqlclienttlsversion": {
      "type": "string"
    },

    "camdbcollation": {
      "type": "string",

      "defaultValue": "SQL_Latin1_General_CP1_CI_AS"
    },
    "camdbskuname": {
      "type": "string"

    },

    "camdbsizeinbytes": {
      "type": "string"

    },

    "camdbskutier": {
      "type": "string"
    },

    "camdbskucapacity": {
      "type": "string"
    }

  },


  "variables": {


  },


  "resources": [


    {
      "name": "[parameters('azuresqlservername')]",
      "type": "Microsoft.Sql/servers",
      "apiVersion": "2019-06-01-preview",
      "location": "[resourceGroup().location]",
      "tags": "[parameters('TagName')]",
      "properties": {
        "administratorLogin": "[parameters('sqlserverAdminLogin')]",
        "administratorLoginPassword": "[parameters('sqlserverAdminLoginPassword')]",
        "minimalTlsVersion": "[parameters('minimalsqlclienttlsversion')]"
      }
    },

    {
      "name": "[concat(parameters('azuresqlservername'),'/',parameters('azurecamdbname'))]",
      "type": "Microsoft.Sql/servers/databases",
      "apiVersion": "2019-06-01-preview",
      "location": "[resourceGroup().location]",
      "dependsOn": 
      [
        "[resourceId('Microsoft.Sql/servers', parameters('azuresqlservername'))]"

      ],
      "tags": "[parameters('TagName')]",
      "sku": {
        "name": "[parameters('camdbskuname')]",
        "tier": "[parameters('camdbskutier')]",
        "capacity": "[parameters('camdbskucapacity')]"
      },
      "properties": {
        "collation": "[parameters('camdbCollation')]",
        "maxSizeBytes": "[parameters('camdbsizeinbytes')]"
      }
    },

   

    {

      "type": "Microsoft.Sql/servers/databases/advisors",
      "apiVersion": "2014-04-01",
      "name": "[concat(parameters('azuresqlservername'),'/',parameters('azurecamdbname'),'/','CreateIndex')]",
      "dependsOn": [
        "[resourceId('Microsoft.Sql/servers/databases', parameters('azuresqlservername'), parameters('azurecamdbname'))]",
        "[resourceId('Microsoft.Sql/servers', parameters('azuresqlservername'))]"
      ],
      "properties": {
        "autoExecuteValue": "Disabled"
      }
    },

    {

      "type": "Microsoft.Sql/servers/databases/advisors",
      "apiVersion": "2014-04-01",
      "name": "[concat(parameters('azuresqlservername'),'/',parameters('azurecamdbname'),'/','DropIndex')]",
      "dependsOn": [
        "[resourceId('Microsoft.Sql/servers/databases', parameters('azuresqlservername'), parameters('azurecamdbname'))]",
        "[resourceId('Microsoft.Sql/servers', parameters('azuresqlservername'))]"
      ],
      "properties": {
        "autoExecuteValue": "Disabled"
      }
    },
    {

      "type": "Microsoft.Sql/servers/databases/backupShortTermRetentionPolicies",
      "apiVersion": "2017-10-01-preview",
      "name": "[concat(parameters('azuresqlservername'),'/',parameters('azurecamdbname'),'/','default')]",
      "dependsOn": [
        "[resourceId('Microsoft.Sql/servers/databases', parameters('azuresqlservername'), parameters('azurecamdbname'))]",
        "[resourceId('Microsoft.Sql/servers', parameters('azuresqlservername'))]"
      ],
      "properties": {
        "retentionDays": "[parameters('camdbbkpretentiondays')]"
      }
    },
    {

      "type": "Microsoft.Sql/servers/databases/advisors",
      "apiVersion": "2014-04-01",
      "name": "[concat(parameters('azuresqlservername'),'/',parameters('azurecamdbname'),'/','ForceLastGoodPlan')]",
      "dependsOn": [
        "[resourceId('Microsoft.Sql/servers/databases', parameters('azuresqlservername'), parameters('azurecamdbname'))]",
        "[resourceId('Microsoft.Sql/servers', parameters('azuresqlservername'))]"
      ],
      "properties": {
        "autoExecuteValue": "Disabled"
      }
    },
    {

      "type": "Microsoft.Sql/servers/virtualNetworkRules",
      "apiVersion": "2015-05-01-preview",
      "name": "[concat(parameters('azuresqlservername'), '/VnetRulewe')]",
      "dependsOn": [
        "[resourceId('Microsoft.Sql/servers', parameters('azuresqlservername'))]"
      ],
      "properties": {
        "virtualNetworkSubnetId": "[concat('/subscriptions/0cea37a3-6bdc-43cb-be5f-e6d390b05a3c/resourceGroups/rg-erconnect-Azdo-prd/providers/Microsoft.Network/virtualNetworks/vnet-erconnect-Azdo-prd-we', '/subnets/snet-workload-Azdo-prd-we')]",
        "ignoreMissingVnetServiceEndpoint": false
      }
    },


    {

      "type": "Microsoft.Sql/servers/firewallRules",
      "apiVersion": "2015-05-01-preview",
      "name": "[concat(parameters('azuresqlservername'), '/ADF-WE1')]",
      "dependsOn": [
        "[resourceId('Microsoft.Sql/servers', parameters('azuresqlservername'))]"
      ],
      "properties": {
        "startIpAddress": "13.69.67.192",
        "endIpAddress": "13.69.67.207"
      }
    },


    {

      "type": "Microsoft.Sql/servers/firewallRules",
      "apiVersion": "2015-05-01-preview",
      "name": "[concat(parameters('azuresqlservername'), '/ADF-WE2')]",
      "dependsOn": [
        "[resourceId('Microsoft.Sql/servers', parameters('azuresqlservername'))]"
      ],
      "properties": {
        "startIpAddress": "13.69.107.112",
        "endIpAddress": "13.69.107.127"
      }
    },

    {

      "type": "Microsoft.Sql/servers/firewallRules",
      "apiVersion": "2015-05-01-preview",
      "name": "[concat(parameters('azuresqlservername'), '/ADF-WE3')]",
      "dependsOn": [
        "[resourceId('Microsoft.Sql/servers', parameters('azuresqlservername'))]"
      ],
      "properties": {
        "startIpAddress": "13.69.112.128",
        "endIpAddress": "13.69.112.143"
      }
    },

    {

      "type": "Microsoft.Sql/servers/firewallRules",
      "apiVersion": "2015-05-01-preview",
      "name": "[concat(parameters('azuresqlservername'), '/ADF-WE4')]",
      "dependsOn": [
        "[resourceId('Microsoft.Sql/servers', parameters('azuresqlservername'))]"
      ],
      "properties": {
        "startIpAddress": "40.74.24.192",
        "endIpAddress": "40.74.24.255"
      }
    },

    {


      "type": "Microsoft.Sql/servers/firewallRules",
      "apiVersion": "2015-05-01-preview",
      "name": "[concat(parameters('azuresqlservername'), '/ADF-WE5')]",
      "dependsOn": [
        "[resourceId('Microsoft.Sql/servers', parameters('azuresqlservername'))]"
      ],
      "properties": {
        "startIpAddress": "40.74.26.0",
        "endIpAddress": "40.74.27.255"
      }
    },

    {

      "type": "Microsoft.Sql/servers/firewallRules",
      "apiVersion": "2015-05-01-preview",
      "name": "[concat(parameters('azuresqlservername'), '/ADF-WE6')]",
      "dependsOn": [
        "[resourceId('Microsoft.Sql/servers', parameters('azuresqlservername'))]"
      ],
      "properties": {
        "startIpAddress": "40.113.176.232",
        "endIpAddress": "40.113.176.239"
      }
    },

    {

      "type": "Microsoft.Sql/servers/firewallRules",
      "apiVersion": "2015-05-01-preview",
      "name": "[concat(parameters('azuresqlservername'), '/ADF-WE7')]",
      "dependsOn": [
        "[resourceId('Microsoft.Sql/servers', parameters('azuresqlservername'))]"
      ],
      "properties": {
        "startIpAddress": "52.236.187.112",
        "endIpAddress": "52.236.187.127"
      }
    },

    
    {

      "type": "Microsoft.Sql/servers/firewallRules",
      "apiVersion": "2015-05-01-preview",
      "name": "[concat(parameters('azuresqlservername'), '/Browsing-1')]",
      "dependsOn": [
        "[resourceId('Microsoft.Sql/servers', parameters('azuresqlservername'))]"
      ],
      "properties": {
        "startIpAddress": "62.41.23.0",
        "endIpAddress": "62.41.23.3"
      }
    },
    {

      "type": "Microsoft.Sql/servers/firewallRules",
      "apiVersion": "2015-05-01-preview",
      "name": "[concat(parameters('azuresqlservername'), '/Browsing-2')]",
      "dependsOn": [
        "[resourceId('Microsoft.Sql/servers', parameters('azuresqlservername'))]"
      ],
      "properties": {
        "startIpAddress": "213.19.193.12",
        "endIpAddress": "213.19.193.15"
      }
    },
    {

      "type": "Microsoft.Sql/servers/firewallRules",
      "apiVersion": "2015-05-01-preview",
      "name": "[concat(parameters('azuresqlservername'), '/devtestlab')]",
      "dependsOn": [
        "[resourceId('Microsoft.Sql/servers', parameters('azuresqlservername'))]"
      ],
      "properties": {
        "startIpAddress": "51.136.82.0",
        "endIpAddress": "51.136.82.255"
      }
    },
    {

      "type": "Microsoft.Sql/servers/firewallRules",
      "apiVersion": "2015-05-01-preview",
      "name": "[concat(parameters('azuresqlservername'), '/DMZ-1')]",
      "dependsOn": [
        "[resourceId('Microsoft.Sql/servers', parameters('azuresqlservername'))]"
      ],
      "properties": {
        "startIpAddress": "37.74.18.113",
        "endIpAddress": "37.74.18.114"
      }
    },

    {

      "type": "Microsoft.Sql/servers/firewallRules",
      "apiVersion": "2015-05-01-preview",
      "name": "[concat(parameters('azuresqlservername'), '/WRR')]",
      "dependsOn": [
        "[resourceId('Microsoft.Sql/servers', parameters('azuresqlservername'))]"
      ],
      "properties": {
        "startIpAddress": "85.119.16.0",
        "endIpAddress": "85.119.16.255"
      }
    },

    {

      "type": "Microsoft.Sql/servers/firewallRules",
      "apiVersion": "2015-05-01-preview",
      "name": "[concat(parameters('azuresqlservername'), '/DMZ-2')]",
      "dependsOn": [
        "[resourceId('Microsoft.Sql/servers', parameters('azuresqlservername'))]"
      ],
      "properties": {
        "startIpAddress": "31.149.253.161",
        "endIpAddress": "31.149.253.174"
      }
    },
    {

      "type": "Microsoft.Sql/servers/firewallRules",
      "apiVersion": "2015-05-01-preview",
      "name": "[concat(parameters('azuresqlservername'), '/DMZ-3')]",
      "dependsOn": [
        "[resourceId('Microsoft.Sql/servers', parameters('azuresqlservername'))]"
      ],
      "properties": {
        "startIpAddress": "188.200.99.129",
        "endIpAddress": "188.200.99.190"
      }
    },
    {

      "type": "Microsoft.Sql/servers/firewallRules",
      "apiVersion": "2015-05-01-preview",
      "name": "[concat(parameters('azuresqlservername'), '/i-Connect1')]",
      "dependsOn": [
        "[resourceId('Microsoft.Sql/servers', parameters('azuresqlservername'))]"
      ],
      "properties": {
        "startIpAddress": "62.41.73.80",
        "endIpAddress": "62.41.73.83"
      }
    },
    {

      "type": "Microsoft.Sql/servers/firewallRules",
      "apiVersion": "2015-05-01-preview",
      "name": "[concat(parameters('azuresqlservername'), '/i-Connect2')]",
      "dependsOn": [
        "[resourceId('Microsoft.Sql/servers', parameters('azuresqlservername'))]"
      ],
      "properties": {
        "startIpAddress": "213.19.196.8",
        "endIpAddress": "213.19.196.11"
      }
    },
    {

      "type": "Microsoft.Sql/servers/firewallRules",
      "apiVersion": "2015-05-01-preview",
      "name": "[concat(parameters('azuresqlservername'), '/NVA-1')]",
      "dependsOn": [
        "[resourceId('Microsoft.Sql/servers', parameters('azuresqlservername'))]"
      ],
      "properties": {
        "startIpAddress": "40.67.254.185",
        "endIpAddress": "40.67.254.185"
      }
    },
    {

      "type": "Microsoft.Sql/servers/firewallRules",
      "apiVersion": "2015-05-01-preview",
      "name": "[concat(parameters('azuresqlservername'), '/NVA-2')]",
      "dependsOn": [
        "[resourceId('Microsoft.Sql/servers', parameters('azuresqlservername'))]"
      ],
      "properties": {
        "startIpAddress": "40.67.254.186",
        "endIpAddress": "40.67.254.186"
      }
    },



    {

      "type": "Microsoft.Sql/servers/firewallRules",
      "apiVersion": "2015-05-01-preview",
      "name": "[concat(parameters('azuresqlservername'), '/NVA-3')]",
      "dependsOn": [
        "[resourceId('Microsoft.Sql/servers', parameters('azuresqlservername'))]"
      ],
      "properties": {
        "startIpAddress": "40.67.222.184",
        "endIpAddress": "40.67.222.184"
      }
    }

  ]
}