{
	"name": "ExportCosasBatchDatatoCAM",
	"properties": {
		"activities": [
			{
				"name": "Until",
				"description": "Wait until all the files are available",
				"type": "Until",
				"dependsOn": [],
				"userProperties": [],
				"typeProperties": {
					"expression": {
						"value": "@equals(variables('NumberOfFiles'),pipeline().parameters.NumberOfFiles)",
						"type": "Expression"
					},
					"activities": [
						{
							"name": "Wait1",
							"type": "Wait",
							"dependsOn": [
								{
									"activity": "Set NumberOfFiles Variable",
									"dependencyConditions": [
										"Succeeded"
									]
								}
							],
							"userProperties": [],
							"typeProperties": {
								"waitTimeInSeconds": 2
							}
						},
						{
							"name": "Set NumberOfFiles Variable",
							"type": "SetVariable",
							"dependsOn": [
								{
									"activity": "Filter1",
									"dependencyConditions": [
										"Succeeded"
									]
								}
							],
							"userProperties": [],
							"typeProperties": {
								"variableName": "NumberOfFiles",
								"value": {
									"value": "@string(activity('Filter1').output.FilteredItemsCount)",
									"type": "Expression"
								}
							}
						},
						{
							"name": "Get All CosasBatch Input Files",
							"type": "GetMetadata",
							"dependsOn": [],
							"policy": {
								"timeout": "7.00:00:00",
								"retry": 0,
								"retryIntervalInSeconds": 30,
								"secureOutput": false,
								"secureInput": false
							},
							"userProperties": [],
							"typeProperties": {
								"dataset": {
									"referenceName": "DS_CosasBatchInput",
									"type": "DatasetReference",
									"parameters": {
										"SourceFileName": "input.csv"
									}
								},
								"fieldList": [
									"childItems"
								],
								"storeSettings": {
									"type": "AzureBlobStorageReadSettings",
									"recursive": true
								},
								"formatSettings": {
									"type": "DelimitedTextReadSettings"
								}
							}
						},
						{
							"name": "Filter1",
							"type": "Filter",
							"dependsOn": [
								{
									"activity": "Get All CosasBatch Input Files",
									"dependencyConditions": [
										"Succeeded"
									]
								}
							],
							"userProperties": [],
							"typeProperties": {
								"items": {
									"value": "@activity('Get All CosasBatch Input Files').output.ChildItems",
									"type": "Expression"
								},
								"condition": {
									"value": "@endswith(item().name, concat(pipeline().parameters.ProcessID, '.csv'))\n\n",
									"type": "Expression"
								}
							}
						}
					],
					"timeout": "1:00:00"
				}
			},
			{
				"name": "Foreach File",
				"type": "ForEach",
				"dependsOn": [
					{
						"activity": "Filter Only Input Files",
						"dependencyConditions": [
							"Succeeded"
						]
					}
				],
				"userProperties": [],
				"typeProperties": {
					"items": {
						"value": "@activity('Filter Only Input Files').output.Value",
						"type": "Expression"
					},
					"isSequential": false,
					"batchCount": 20,
					"activities": [
						{
							"name": "Archive the File",
							"type": "Copy",
							"dependsOn": [
								{
									"activity": "Copy Data to CAM Database",
									"dependencyConditions": [
										"Succeeded"
									]
								}
							],
							"policy": {
								"timeout": "7.00:00:00",
								"retry": 0,
								"retryIntervalInSeconds": 30,
								"secureOutput": false,
								"secureInput": false
							},
							"userProperties": [],
							"typeProperties": {
								"source": {
									"type": "DelimitedTextSource",
									"storeSettings": {
										"type": "AzureBlobStorageReadSettings",
										"recursive": true,
										"wildcardFileName": {
											"value": "@Item().name",
											"type": "Expression"
										},
										"enablePartitionDiscovery": false
									},
									"formatSettings": {
										"type": "DelimitedTextReadSettings"
									}
								},
								"sink": {
									"type": "DelimitedTextSink",
									"storeSettings": {
										"type": "AzureBlobStorageWriteSettings"
									},
									"formatSettings": {
										"type": "DelimitedTextWriteSettings",
										"quoteAllText": true,
										"fileExtension": ".csv"
									}
								},
								"enableStaging": false
							},
							"inputs": [
								{
									"referenceName": "DS_CosasBatchInput",
									"type": "DatasetReference",
									"parameters": {
										"SourceFileName": "input.csv"
									}
								}
							],
							"outputs": [
								{
									"referenceName": "DS_CosasBatchInput_Archive",
									"type": "DatasetReference"
								}
							]
						},
						{
							"name": "Delete source files",
							"type": "Delete",
							"dependsOn": [
								{
									"activity": "Archive the File",
									"dependencyConditions": [
										"Succeeded"
									]
								}
							],
							"policy": {
								"timeout": "7.00:00:00",
								"retry": 0,
								"retryIntervalInSeconds": 30,
								"secureOutput": false,
								"secureInput": false
							},
							"userProperties": [],
							"typeProperties": {
								"dataset": {
									"referenceName": "DS_CosasBatchInput",
									"type": "DatasetReference",
									"parameters": {
										"SourceFileName": "input.csv"
									}
								},
								"enableLogging": false,
								"storeSettings": {
									"type": "AzureBlobStorageReadSettings",
									"recursive": true,
									"wildcardFileName": {
										"value": "@{Item().name}",
										"type": "Expression"
									}
								}
							}
						},
						{
							"name": "Move to Error",
							"type": "Copy",
							"dependsOn": [
								{
									"activity": "Copy Data to CAM Database",
									"dependencyConditions": [
										"Failed"
									]
								}
							],
							"policy": {
								"timeout": "7.00:00:00",
								"retry": 0,
								"retryIntervalInSeconds": 30,
								"secureOutput": false,
								"secureInput": false
							},
							"userProperties": [],
							"typeProperties": {
								"source": {
									"type": "DelimitedTextSource",
									"storeSettings": {
										"type": "AzureBlobStorageReadSettings",
										"recursive": true,
										"wildcardFileName": {
											"value": "@Item().name",
											"type": "Expression"
										},
										"enablePartitionDiscovery": false
									},
									"formatSettings": {
										"type": "DelimitedTextReadSettings"
									}
								},
								"sink": {
									"type": "DelimitedTextSink",
									"storeSettings": {
										"type": "AzureBlobStorageWriteSettings"
									},
									"formatSettings": {
										"type": "DelimitedTextWriteSettings",
										"quoteAllText": true,
										"fileExtension": ".csv"
									}
								},
								"enableStaging": false
							},
							"inputs": [
								{
									"referenceName": "DS_CosasBatchInput",
									"type": "DatasetReference",
									"parameters": {
										"SourceFileName": "input.csv"
									}
								}
							],
							"outputs": [
								{
									"referenceName": "DS_CosasBatchInput_Error",
									"type": "DatasetReference"
								}
							]
						},
						{
							"name": "Copy Data to CAM Database",
							"type": "Copy",
							"dependsOn": [],
							"policy": {
								"timeout": "7.00:00:00",
								"retry": 0,
								"retryIntervalInSeconds": 30,
								"secureOutput": false,
								"secureInput": false
							},
							"userProperties": [],
							"typeProperties": {
								"source": {
									"type": "DelimitedTextSource",
									"storeSettings": {
										"type": "AzureBlobStorageReadSettings",
										"recursive": false,
										"wildcardFileName": {
											"value": "@{item().name}",
											"type": "Expression"
										}
									},
									"formatSettings": {
										"type": "DelimitedTextReadSettings"
									}
								},
								"sink": {
									"type": "AzureSqlSink",
									"preCopyScript": {
										"value": "@{concat('truncate table TBV.[', substring(item().name, 0, lastindexof(item().name,'_')),']')}",
										"type": "Expression"
									},
									"disableMetricsCollection": false
								},
								"enableStaging": false,
								"translator": {
									"type": "TabularTranslator",
									"typeConversion": true,
									"typeConversionSettings": {
										"allowDataTruncation": true,
										"treatBooleanAsNumber": true
									}
								}
							},
							"inputs": [
								{
									"referenceName": "DS_CosasBatchInput",
									"type": "DatasetReference",
									"parameters": {
										"SourceFileName": {
											"value": "@{item().name}",
											"type": "Expression"
										}
									}
								}
							],
							"outputs": [
								{
									"referenceName": "DS_CAM",
									"type": "DatasetReference",
									"parameters": {
										"TableName": {
											"value": "@substring(item().name, 0, lastindexof(item().name,'_'))",
											"type": "Expression"
										},
										"ServerName": {
											"value": "@pipeline().parameters.ServerName",
											"type": "Expression"
										},
										"DatabaseName": {
											"value": "@pipeline().parameters.DatabaseName",
											"type": "Expression"
										}
									}
								}
							]
						}
					]
				}
			},
			{
				"name": "Filter Only Input Files",
				"description": "Filter Only Input Files",
				"type": "Filter",
				"dependsOn": [
					{
						"activity": "Until",
						"dependencyConditions": [
							"Succeeded"
						]
					}
				],
				"userProperties": [],
				"typeProperties": {
					"items": {
						"value": "@activity('Get All CosasBatch Input Files').output.ChildItems",
						"type": "Expression"
					},
					"condition": {
						"value": "@endswith(item().name, concat(pipeline().parameters.ProcessID, '.csv'))",
						"type": "Expression"
					}
				}
			},
			{
				"name": "Empty Source folder",
				"type": "Delete",
				"dependsOn": [
					{
						"activity": "Archive Metadata File",
						"dependencyConditions": [
							"Succeeded"
						]
					}
				],
				"policy": {
					"timeout": "7.00:00:00",
					"retry": 0,
					"retryIntervalInSeconds": 30,
					"secureOutput": false,
					"secureInput": false
				},
				"userProperties": [],
				"typeProperties": {
					"dataset": {
						"referenceName": "DS_CosasBatchInput",
						"type": "DatasetReference",
						"parameters": {
							"SourceFileName": "input.csv"
						}
					},
					"enableLogging": false,
					"storeSettings": {
						"type": "AzureBlobStorageReadSettings",
						"recursive": true,
						"wildcardFileName": "*.csv"
					}
				}
			},
			{
				"name": "Archive Metadata File",
				"type": "Copy",
				"dependsOn": [
					{
						"activity": "Foreach File",
						"dependencyConditions": [
							"Succeeded"
						]
					}
				],
				"policy": {
					"timeout": "7.00:00:00",
					"retry": 0,
					"retryIntervalInSeconds": 30,
					"secureOutput": false,
					"secureInput": false
				},
				"userProperties": [],
				"typeProperties": {
					"source": {
						"type": "DelimitedTextSource",
						"storeSettings": {
							"type": "AzureBlobStorageReadSettings",
							"recursive": true,
							"wildcardFileName": {
								"value": "@{concat('Metadata_',formatDateTime(utcnow(),'yyyyMMdd'),'*.csv')}",
								"type": "Expression"
							},
							"enablePartitionDiscovery": false
						},
						"formatSettings": {
							"type": "DelimitedTextReadSettings"
						}
					},
					"sink": {
						"type": "DelimitedTextSink",
						"storeSettings": {
							"type": "AzureBlobStorageWriteSettings"
						},
						"formatSettings": {
							"type": "DelimitedTextWriteSettings",
							"quoteAllText": true,
							"fileExtension": ".csv"
						}
					},
					"enableStaging": false
				},
				"inputs": [
					{
						"referenceName": "DS_CosasBatchInput",
						"type": "DatasetReference",
						"parameters": {
							"SourceFileName": "input.csv"
						}
					}
				],
				"outputs": [
					{
						"referenceName": "DS_CosasBatchInput_Archive",
						"type": "DatasetReference"
					}
				]
			},
			{
				"name": "Move Metadata file to Error",
				"type": "Copy",
				"dependsOn": [
					{
						"activity": "Archive Metadata File",
						"dependencyConditions": [
							"Failed"
						]
					}
				],
				"policy": {
					"timeout": "7.00:00:00",
					"retry": 0,
					"retryIntervalInSeconds": 30,
					"secureOutput": false,
					"secureInput": false
				},
				"userProperties": [],
				"typeProperties": {
					"source": {
						"type": "DelimitedTextSource",
						"storeSettings": {
							"type": "AzureBlobStorageReadSettings",
							"recursive": true,
							"wildcardFileName": {
								"value": "@{concat('Metadata_',formatDateTime(utcnow(),'yyyyMMdd'),'*.csv')}",
								"type": "Expression"
							},
							"enablePartitionDiscovery": false
						},
						"formatSettings": {
							"type": "DelimitedTextReadSettings"
						}
					},
					"sink": {
						"type": "DelimitedTextSink",
						"storeSettings": {
							"type": "AzureBlobStorageWriteSettings"
						},
						"formatSettings": {
							"type": "DelimitedTextWriteSettings",
							"quoteAllText": true,
							"fileExtension": ".csv"
						}
					},
					"enableStaging": false
				},
				"inputs": [
					{
						"referenceName": "DS_CosasBatchInput",
						"type": "DatasetReference",
						"parameters": {
							"SourceFileName": "input.csv"
						}
					}
				],
				"outputs": [
					{
						"referenceName": "DS_CosasBatchInput_Error",
						"type": "DatasetReference"
					}
				]
			}
		],
		"parameters": {
			"NumberOfFiles": {
				"type": "string",
				"defaultValue": "13"
			},
			"ServerName": {
				"type": "string",
				"defaultValue": "tcp:sqlsrv-cam-grm-ci.database.windows.net,1433"
			},
			"DatabaseName": {
				"type": "string",
				"defaultValue": "temporaryBatchInputDatabase637303141418520812"
			},
			"ProcessID": {
				"type": "string",
				"defaultValue": "202006"
			}
		},
		"variables": {
			"NumberOfFiles": {
				"type": "String"
			}
		},
		"annotations": [],
		"lastPublishTime": "2020-08-18T16:04:04Z"
	},
	"type": "Microsoft.DataFactory/factories/pipelines"
}