{
	"name": "MasterExportCosasBatch",
	"properties": {
		"activities": [
			{
				"name": "Execute ExportCosasBatchDataToCAM Pipeline",
				"type": "ExecutePipeline",
				"dependsOn": [
					{
						"activity": "Lookup Metadata File",
						"dependencyConditions": [
							"Succeeded"
						]
					}
				],
				"userProperties": [],
				"typeProperties": {
					"pipeline": {
						"referenceName": "ExportCosasBatchDatatoCAM",
						"type": "PipelineReference"
					},
					"waitOnCompletion": true,
					"parameters": {
						"NumberOfFiles": {
							"value": "@activity('Lookup Metadata File').output.firstrow.Numberoffiles",
							"type": "Expression"
						},
						"ServerName": {
							"value": "@activity('Lookup Metadata File').output.firstrow.ServerName",
							"type": "Expression"
						},
						"DatabaseName": {
							"value": "@activity('Lookup Metadata File').output.firstrow.DatabaseName",
							"type": "Expression"
						},
						"ProcessID": {
							"value": "@activity('Lookup Metadata File').output.firstrow.ProcessID",
							"type": "Expression"
						}
					}
				}
			},
			{
				"name": "Set Error Status",
				"type": "WebActivity",
				"dependsOn": [
					{
						"activity": "Execute ExportCosasBatchDataToCAM Pipeline",
						"dependencyConditions": [
							"Failed"
						]
					}
				],
				"policy": {
					"timeout": "7.00:00:00",
					"retry": 0,
					"retryIntervalInSeconds": 30,
					"secureOutput": false,
					"secureInput": false
				},
				"userProperties": [],
				"typeProperties": {
					"url": {
						"value": "@variables('Url')",
						"type": "Expression"
					},
					"method": "POST",
					"headers": {
						"Rabobank-ApiKey": {
							"value": "@variables('ApiKey')",
							"type": "Expression"
						}
					},
					"body": {
						"value": "@json(concat(variables('ErrorMessage'),activity('Lookup Metadata File').output.firstrow.ProcessID,'}'))",
						"type": "Expression"
					}
				}
			},
			{
				"name": "Set Success Status",
				"type": "WebActivity",
				"dependsOn": [
					{
						"activity": "Execute ExportCosasBatchDataToCAM Pipeline",
						"dependencyConditions": [
							"Succeeded"
						]
					}
				],
				"policy": {
					"timeout": "7.00:00:00",
					"retry": 0,
					"retryIntervalInSeconds": 30,
					"secureOutput": false,
					"secureInput": false
				},
				"userProperties": [],
				"typeProperties": {
					"url": {
						"value": "@variables('Url')",
						"type": "Expression"
					},
					"method": "POST",
					"headers": {
						"Rabobank-ApiKey": {
							"value": "@variables('ApiKey')",
							"type": "Expression"
						}
					},
					"body": {
						"value": "@json(concat(variables('SuccessMessage'),activity('Lookup Metadata File').output.firstrow.ProcessID,'}'))",
						"type": "Expression"
					}
				}
			},
			{
				"name": "Lookup Metadata File",
				"type": "Lookup",
				"dependsOn": [],
				"policy": {
					"timeout": "1:00:00",
					"retry": 0,
					"retryIntervalInSeconds": 30,
					"secureOutput": false,
					"secureInput": false
				},
				"userProperties": [],
				"typeProperties": {
					"source": {
						"type": "DelimitedTextSource",
						"storeSettings": {
							"type": "AzureBlobStorageReadSettings",
							"recursive": true,
							"wildcardFileName": {
								"value": "@concat('CosasBatchMetadata_',formatDateTime(utcnow(),'yyyyMMdd'),'*.csv')",
								"type": "Expression"
							},
							"enablePartitionDiscovery": false
						},
						"formatSettings": {
							"type": "DelimitedTextReadSettings"
						}
					},
					"dataset": {
						"referenceName": "DS_CosasBatchInput",
						"type": "DatasetReference",
						"parameters": {
							"SourceFileName": "input.csv"
						}
					},
					"firstRowOnly": true
				}
			}
		],
		"variables": {
			"Url": {
				"type": "String",
				"defaultValue": "https://distributie-azure-api.rabobank.nl/api/rdwstatus"
			},
			"ApiKey": {
				"type": "String",
				"defaultValue": "93d91c08-03c4-4d0f-b7b1-bd95653a4ee9"
			},
			"SuccessMessage": {
				"type": "String",
				"defaultValue": "{     \"Identifier\": \"CosasBatchDataExport\",     \"IdentifierType\": \"CosasBatch\",     \"Status\": \"RUNNING\",     \"SubStatus\": \"DATA_EXPORT_SUCCESS\",     \"Message\": \"Data Export to CAM Successful\",     \"LineageId\":"
			},
			"ErrorMessage": {
				"type": "String",
				"defaultValue": "{     \"Identifier\": \"CosasBatchDataExport\",     \"IdentifierType\": \"CosasBatch\",     \"Status\": \"Error\",     \"SubStatus\": \"Error\",     \"Message\": \"Data Export Failed\",     \"LineageId\":"
			}
		},
		"annotations": [],
		"lastPublishTime": "2020-08-21T07:36:44Z"
	},
	"type": "Microsoft.DataFactory/factories/pipelines"
}